SET IDENTITY_INSERT [dbo].[spRoles] ON
INSERT [dbo].[spRoles] ([Id], [ShortCode], [Description], [IsDeleted]) VALUES (1, N'admin', N'Administrator', 0)
INSERT [dbo].[spRoles] ([Id], [ShortCode], [Description], [IsDeleted]) VALUES (2, N'stude', N'Student', 0)
INSERT [dbo].[spRoles] ([Id], [ShortCode], [Description], [IsDeleted]) VALUES (7, N'Teach', N'Teacher', 0)
INSERT [dbo].[spRoles] ([Id], [ShortCode], [Description], [IsDeleted]) VALUES (8, N'Bursa', N'Bursar', 0)
INSERT [dbo].[spRoles] ([Id], [ShortCode], [Description], [IsDeleted]) VALUES (9, N'Princ', N'Principal', 0)
SET IDENTITY_INSERT [dbo].[spRoles] OFF





SET IDENTITY_INSERT [dbo].[spMenuItems] ON
INSERT [dbo].[spMenuItems] ([Id], [mnuName], [Description]) VALUES (2, N'dataEntryToolStripMenuItem', N'Data Entry Menu')
INSERT [dbo].[spMenuItems] ([Id], [mnuName], [Description]) VALUES (3, N'examsToolStripMenuItem', N'Exams Menu')
INSERT [dbo].[spMenuItems] ([Id], [mnuName], [Description]) VALUES (4, N'feesToolStripMenuItem', N'Fees Menu')
INSERT [dbo].[spMenuItems] ([Id], [mnuName], [Description]) VALUES (5, N'generalLedgerToolStripMenuItem', N'General Ledger Menu')
INSERT [dbo].[spMenuItems] ([Id], [mnuName], [Description]) VALUES (6, N'reportsToolStripMenuItem', N'Reports Menu')
INSERT [dbo].[spMenuItems] ([Id], [mnuName], [Description]) VALUES (7, N'administrationToolStripMenuItem', N'Administration Menu')
INSERT [dbo].[spMenuItems] ([Id], [mnuName], [Description]) VALUES (8, N'changePasswordToolStripMenuItem', N'Change Password')
INSERT [dbo].[spMenuItems] ([Id], [mnuName], [Description]) VALUES (9, N'subjectsToolStripMenuItem', N'Subjects')
INSERT [dbo].[spMenuItems] ([Id], [mnuName], [Description]) VALUES (10, N'programmesToolStripMenuItem', N'Programmes')
INSERT [dbo].[spMenuItems] ([Id], [mnuName], [Description]) VALUES (11, N'teachersToolStripMenuItem', N'Teachers')
INSERT [dbo].[spMenuItems] ([Id], [mnuName], [Description]) VALUES (12, N'classesToolStripMenuItem', N'Classes')
INSERT [dbo].[spMenuItems] ([Id], [mnuName], [Description]) VALUES (13, N'studentsToolStripMenuItem', N'Students')
INSERT [dbo].[spMenuItems] ([Id], [mnuName], [Description]) VALUES (14, N'customersToolStripMenuItem', N'Customers')
INSERT [dbo].[spMenuItems] ([Id], [mnuName], [Description]) VALUES (15, N'gradingToolStripMenuItem', N'Grading')
INSERT [dbo].[spMenuItems] ([Id], [mnuName], [Description]) VALUES (16, N'attendanceToolStripMenuItem', N'Attendance')
INSERT [dbo].[spMenuItems] ([Id], [mnuName], [Description]) VALUES (17, N'roomsToolStripMenuItem', N'Rooms')
INSERT [dbo].[spMenuItems] ([Id], [mnuName], [Description]) VALUES (18, N'locationsToolStripMenuItem', N'Locations')
INSERT [dbo].[spMenuItems] ([Id], [mnuName], [Description]) VALUES (19, N'disciplineCategoriesToolStripMenuItem', N'Discipline Categories')
INSERT [dbo].[spMenuItems] ([Id], [mnuName], [Description]) VALUES (20, N'examPeriodsToolStripMenuItem', N'Exam Periods')
INSERT [dbo].[spMenuItems] ([Id], [mnuName], [Description]) VALUES (21, N'examTypesToolStripMenuItem', N'Exam Types')
INSERT [dbo].[spMenuItems] ([Id], [mnuName], [Description]) VALUES (22, N'examsToolStripMenuItem', N'Exams')
INSERT [dbo].[spMenuItems] ([Id], [mnuName], [Description]) VALUES (23, N'registerStudentsToolStripItem', N'Register Students')
INSERT [dbo].[spMenuItems] ([Id], [mnuName], [Description]) VALUES (24, N'markSheetToolStripMenuItem', N'Mark Sheet')
INSERT [dbo].[spMenuItems] ([Id], [mnuName], [Description]) VALUES (25, N'processExamsToolStripMenuItem', N'Process Exams')
INSERT [dbo].[spMenuItems] ([Id], [mnuName], [Description]) VALUES (26, N'examResultsToolStripMenuItem', N'Exam Results')
INSERT [dbo].[spMenuItems] ([Id], [mnuName], [Description]) VALUES (27, N'feeStructureToolStripMenuItem', N'Fee Structure')
INSERT [dbo].[spMenuItems] ([Id], [mnuName], [Description]) VALUES (28, N'admissionFormToolStripMenuItem', N'Admission')
INSERT [dbo].[spMenuItems] ([Id], [mnuName], [Description]) VALUES (29, N'chartOfAccountsToolStripMenuItem', N'Chart of Accounts')
INSERT [dbo].[spMenuItems] ([Id], [mnuName], [Description]) VALUES (30, N'accountsToolStripMenuItem', N'Accounts')
INSERT [dbo].[spMenuItems] ([Id], [mnuName], [Description]) VALUES (31, N'accountTypesToolStripMenuItem', N'Account Types')
INSERT [dbo].[spMenuItems] ([Id], [mnuName], [Description]) VALUES (32, N'transactionTypesToolStripMenuItem', N'Transaction Types')
INSERT [dbo].[spMenuItems] ([Id], [mnuName], [Description]) VALUES (33, N'transactionsAuthorizationsToolStripMenuItem', N'Transactions Authorization')
INSERT [dbo].[spMenuItems] ([Id], [mnuName], [Description]) VALUES (34, N'banksToolStripMenuItem', N'Banks')
INSERT [dbo].[spMenuItems] ([Id], [mnuName], [Description]) VALUES (35, N'enquiryToolStripMenuItem', N'Enquiry')
INSERT [dbo].[spMenuItems] ([Id], [mnuName], [Description]) VALUES (36, N'postingToolStripMenuItem', N'Post')
INSERT [dbo].[spMenuItems] ([Id], [mnuName], [Description]) VALUES (37, N'payFeesToolStripMenuItem', N'Pay Fees')
INSERT [dbo].[spMenuItems] ([Id], [mnuName], [Description]) VALUES (38, N'generalPostsToolStripMenuItem', N'General Post')
INSERT [dbo].[spMenuItems] ([Id], [mnuName], [Description]) VALUES (39, N'reportToolStripMenuItem', N'Reports')
INSERT [dbo].[spMenuItems] ([Id], [mnuName], [Description]) VALUES (40, N'schoolSetUpToolStripMenuItem', N'School Set-Up')
INSERT [dbo].[spMenuItems] ([Id], [mnuName], [Description]) VALUES (41, N'timeTableToolStripMenuItem', N'Time Table')
INSERT [dbo].[spMenuItems] ([Id], [mnuName], [Description]) VALUES (42, N'rightsToolStripMenuItem', N'Rights')
INSERT [dbo].[spMenuItems] ([Id], [mnuName], [Description]) VALUES (43, N'rolesToolStripMenuItem', N'Roles')
INSERT [dbo].[spMenuItems] ([Id], [mnuName], [Description]) VALUES (44, N'usersToolStripMenuItem', N'Users')
INSERT [dbo].[spMenuItems] ([Id], [mnuName], [Description]) VALUES (45, N'settingsToolStripMenuItem', N'Settings')
INSERT [dbo].[spMenuItems] ([Id], [mnuName], [Description]) VALUES (46, N'databaseControlPanelToolStripMenuItem', N'Database Control Panel')
INSERT [dbo].[spMenuItems] ([Id], [mnuName], [Description]) VALUES (47, N'uploadDownloadWizardToolStripMenuItem', N'Upload and Download Wizard')
INSERT [dbo].[spMenuItems] ([Id], [mnuName], [Description]) VALUES (50, N'toolStripButtonReports', N'Reports Button')
INSERT [dbo].[spMenuItems] ([Id], [mnuName], [Description]) VALUES (51, N'toolStripButtonStudents', N'Students Button')
INSERT [dbo].[spMenuItems] ([Id], [mnuName], [Description]) VALUES (52, N'toolStripButtonAdmission', N'Admission Button')
INSERT [dbo].[spMenuItems] ([Id], [mnuName], [Description]) VALUES (53, N'toolStripButtonChartofAccounts', N'Chart of Accounts Button')
INSERT [dbo].[spMenuItems] ([Id], [mnuName], [Description]) VALUES (54, N'toolStripButtonGeneralPostings', N'General Posts Button')
INSERT [dbo].[spMenuItems] ([Id], [mnuName], [Description]) VALUES (55, N'toolStripButtonPayFees', N'Pay Fees Button')
INSERT [dbo].[spMenuItems] ([Id], [mnuName], [Description]) VALUES (56, N'toolStripButtonEnquiry', N'Enquiry Button')
INSERT [dbo].[spMenuItems] ([Id], [mnuName], [Description]) VALUES (57, N'toolStripButtonExams', N'Exams Button')
INSERT [dbo].[spMenuItems] ([Id], [mnuName], [Description]) VALUES (58, N'toolStripButtonRegisterStudents', N'Register Students Button')
INSERT [dbo].[spMenuItems] ([Id], [mnuName], [Description]) VALUES (59, N'toolStripButtonMarkSheet', N'Mark Sheet Button')
INSERT [dbo].[spMenuItems] ([Id], [mnuName], [Description]) VALUES (60, N'toolStripButtonProcessExams', N'Process Exams Button')
INSERT [dbo].[spMenuItems] ([Id], [mnuName], [Description]) VALUES (61, N'toolStripButtonExamResults', N'Exam Results Button')
SET IDENTITY_INSERT [dbo].[spMenuItems] OFF







SET IDENTITY_INSERT [dbo].[spReportsMenuItems] ON
INSERT [dbo].[spReportsMenuItems] ([Id], [mnuName], [Description]) VALUES (1, N'fileToolStripMenuItem', N'File Menu')
INSERT [dbo].[spReportsMenuItems] ([Id], [mnuName], [Description]) VALUES (2, N'studentListsToolStripMenuItem', N'Students List Menu')
INSERT [dbo].[spReportsMenuItems] ([Id], [mnuName], [Description]) VALUES (3, N'teachersListtoolStripMenuItem', N'Teachers List Menu')
INSERT [dbo].[spReportsMenuItems] ([Id], [mnuName], [Description]) VALUES (4, N'subjectListsToolStripMenuItem', N'Subjects List Menu')
INSERT [dbo].[spReportsMenuItems] ([Id], [mnuName], [Description]) VALUES (5, N'classListsToolStripMenuItem', N'Classes List Menu')
INSERT [dbo].[spReportsMenuItems] ([Id], [mnuName], [Description]) VALUES (6, N'programmeCourseListToolStripMenuItem', N'Programme Courses List Menu')
INSERT [dbo].[spReportsMenuItems] ([Id], [mnuName], [Description]) VALUES (8, N'examResultsToolStripMenuItem', N'Exam Results Menu')
INSERT [dbo].[spReportsMenuItems] ([Id], [mnuName], [Description]) VALUES (9, N'examResultsbyClassToolStripMenuItem', N'Exam Results by Class Menu')
INSERT [dbo].[spReportsMenuItems] ([Id], [mnuName], [Description]) VALUES (10, N'examResultsbySubjectToolStripMenuItem', N'Exam Results by Subject Menu')
INSERT [dbo].[spReportsMenuItems] ([Id], [mnuName], [Description]) VALUES (11, N'examResultsbyExamTypeToolStripMenuItem', N'Exam Results By Exam Type Menu')
INSERT [dbo].[spReportsMenuItems] ([Id], [mnuName], [Description]) VALUES (12, N'markSheetTableToolStripMenuItem', N'Mark Sheet Menu')
INSERT [dbo].[spReportsMenuItems] ([Id], [mnuName], [Description]) VALUES (13, N'preSchoolToolStripMenuItem', N'Pre-School Mark Sheet Menu')
INSERT [dbo].[spReportsMenuItems] ([Id], [mnuName], [Description]) VALUES (14, N'primaryToolStripMenuItem', N'Primary Mark Sheet Menu')
INSERT [dbo].[spReportsMenuItems] ([Id], [mnuName], [Description]) VALUES (15, N'secondaryToolStripMenuItem', N'Secondary Mark Sheet Menu')
INSERT [dbo].[spReportsMenuItems] ([Id], [mnuName], [Description]) VALUES (16, N'tertiaryToolStripMenuItem', N'Tertiary Mark Sheet Menu')
INSERT [dbo].[spReportsMenuItems] ([Id], [mnuName], [Description]) VALUES (17, N'collegeToolStripMenuItem', N'College Mark Sheet Menu')
INSERT [dbo].[spReportsMenuItems] ([Id], [mnuName], [Description]) VALUES (18, N'universityToolStripMenuItem', N'University Mark Sheet Menu')
INSERT [dbo].[spReportsMenuItems] ([Id], [mnuName], [Description]) VALUES (19, N'academicReportsToolStripMenuItem', N'Academic Reports Menu')
INSERT [dbo].[spReportsMenuItems] ([Id], [mnuName], [Description]) VALUES (20, N'studentAcademicToolStripMenuItem', N'Student Academic Reports Menu')
INSERT [dbo].[spReportsMenuItems] ([Id], [mnuName], [Description]) VALUES (21, N'studentAcademicReportFormToolStripMenuItem', N'Student Academic Report Form Menu')
INSERT [dbo].[spReportsMenuItems] ([Id], [mnuName], [Description]) VALUES (22, N'studentAcademicProgressFormToolStripMenuItem', N'Student Academic Progress Form Menu')
INSERT [dbo].[spReportsMenuItems] ([Id], [mnuName], [Description]) VALUES (23, N'studentPerformanceByTargetToolStripMenuItem', N'Student Academic Performance by Target Menu')
INSERT [dbo].[spReportsMenuItems] ([Id], [mnuName], [Description]) VALUES (24, N'teacherAcademicToolStripMenuItem', N'Teacher Academic Reports Menu')
INSERT [dbo].[spReportsMenuItems] ([Id], [mnuName], [Description]) VALUES (25, N'teacherAcademicRepotFormToolStripMenuItem', N'Teacher Academic Report Form Menu')
INSERT [dbo].[spReportsMenuItems] ([Id], [mnuName], [Description]) VALUES (26, N'teachersProgressFormToolStripMenuItem', N'Teacher Academic Progress Form Menu')
INSERT [dbo].[spReportsMenuItems] ([Id], [mnuName], [Description]) VALUES (27, N'teacherPerformanceByTargetToolStripMenuItem', N'Teacher Academic Performance by Target Menu')
INSERT [dbo].[spReportsMenuItems] ([Id], [mnuName], [Description]) VALUES (28, N'classAcademicToolStripMenuItem', N'Class Academic Reports Menu')
INSERT [dbo].[spReportsMenuItems] ([Id], [mnuName], [Description]) VALUES (29, N'classesReportFormToolStripMenuItem', N'Class Academic Report Form Menu')
INSERT [dbo].[spReportsMenuItems] ([Id], [mnuName], [Description]) VALUES (30, N'classesProgressFormToolStripMenuItem', N'Class Academic Progress Form Menu')
INSERT [dbo].[spReportsMenuItems] ([Id], [mnuName], [Description]) VALUES (31, N'classesPerformanceByTargetToolStripMenuItem', N'Class Academic Performance by Target Menu')
INSERT [dbo].[spReportsMenuItems] ([Id], [mnuName], [Description]) VALUES (32, N'classConsolidatedMarksheetToolStripMenuItem', N'Class Consolidated Mark Sheet Menu')
INSERT [dbo].[spReportsMenuItems] ([Id], [mnuName], [Description]) VALUES (33, N'schoolAcademicToolStripMenuItem', N'School Academic Reports Menu')
INSERT [dbo].[spReportsMenuItems] ([Id], [mnuName], [Description]) VALUES (34, N'schoolsReportFormToolStripMenuItem', N'School Academic Report Form Menu')
INSERT [dbo].[spReportsMenuItems] ([Id], [mnuName], [Description]) VALUES (36, N'schoolsProgressFormToolStripMenuItem', N'School Academic Progress Form Menu')
INSERT [dbo].[spReportsMenuItems] ([Id], [mnuName], [Description]) VALUES (37, N'schoolPerformanceByTargetToolStripMenuItem', N'School Academic Performance by Target Menu')
INSERT [dbo].[spReportsMenuItems] ([Id], [mnuName], [Description]) VALUES (38, N'schoolPerformanceInTheRegionToolStripMenuItem', N'School Academic Performance in the Region Menu')
INSERT [dbo].[spReportsMenuItems] ([Id], [mnuName], [Description]) VALUES (39, N'financialReportsToolStripMenuItem', N'Financial Reports Menu')
INSERT [dbo].[spReportsMenuItems] ([Id], [mnuName], [Description]) VALUES (41, N'studentFinancialReportToolStripMenuItem', N'Student Financial Reports Menu')
INSERT [dbo].[spReportsMenuItems] ([Id], [mnuName], [Description]) VALUES (42, N'studentStatementToolStripMenuItem', N'Student Statement Menu')
INSERT [dbo].[spReportsMenuItems] ([Id], [mnuName], [Description]) VALUES (43, N'studentAccountStatusToolStripMenuItem', N'Student Account Status Menu')
INSERT [dbo].[spReportsMenuItems] ([Id], [mnuName], [Description]) VALUES (44, N'studentArrearsReceivablesToolStripMenuItem', N'Student Arrears and Receivables Menu')
INSERT [dbo].[spReportsMenuItems] ([Id], [mnuName], [Description]) VALUES (45, N'parentStatementToolStripMenuItem', N'Parent Statement Menu')
INSERT [dbo].[spReportsMenuItems] ([Id], [mnuName], [Description]) VALUES (46, N'parentAccountStatusToolStripMenuItem', N'Parent Account Status Menu')
INSERT [dbo].[spReportsMenuItems] ([Id], [mnuName], [Description]) VALUES (47, N'paymentReceiptsToolStripMenuItem', N'Payment Receipt Menu')
INSERT [dbo].[spReportsMenuItems] ([Id], [mnuName], [Description]) VALUES (48, N'studentFeesStructureToolStripMenuItem', N'Student Fee Structure Menu')
INSERT [dbo].[spReportsMenuItems] ([Id], [mnuName], [Description]) VALUES (49, N'schoolFinancialReportToolStripMenuItem', N'School Financial Reports Menu')
INSERT [dbo].[spReportsMenuItems] ([Id], [mnuName], [Description]) VALUES (50, N'generalLToolStripMenuItem', N'General Ledger Menu')
INSERT [dbo].[spReportsMenuItems] ([Id], [mnuName], [Description]) VALUES (52, N'pLToolStripMenuItem', N'Profit and Loss Menu')
INSERT [dbo].[spReportsMenuItems] ([Id], [mnuName], [Description]) VALUES (53, N'balanceSheetToolStripMenuItem', N'Balance Sheet Menu')
INSERT [dbo].[spReportsMenuItems] ([Id], [mnuName], [Description]) VALUES (54, N'bankStatementToolStripMenuItem', N'Bank Statement Menu')
INSERT [dbo].[spReportsMenuItems] ([Id], [mnuName], [Description]) VALUES (55, N'cashBookToolStripMenuItem', N'Cash Book Menu')
INSERT [dbo].[spReportsMenuItems] ([Id], [mnuName], [Description]) VALUES (56, N'schoolArrearsReceivablesToolStripMenuItem', N'School Arrears and Receivables Menu')
INSERT [dbo].[spReportsMenuItems] ([Id], [mnuName], [Description]) VALUES (58, N'payablesToolStripMenuItem', N'Payables Menu')
INSERT [dbo].[spReportsMenuItems] ([Id], [mnuName], [Description]) VALUES (59, N'feesStructureToolStripMenuItem', N'Fee Structure Reports Menu')
INSERT [dbo].[spReportsMenuItems] ([Id], [mnuName], [Description]) VALUES (60, N'feeStructurebyClassToolStripMenuItem', N'Fee Structure by Class Menu')
INSERT [dbo].[spReportsMenuItems] ([Id], [mnuName], [Description]) VALUES (62, N'feeStructurebyProgrammeToolStripMenuItem', N'Fee Structure by Programme Menu')
INSERT [dbo].[spReportsMenuItems] ([Id], [mnuName], [Description]) VALUES (63, N'feeStructurebyAccountTypesToolStripMenuItem', N'Fee Structure by Account Type Menu')
INSERT [dbo].[spReportsMenuItems] ([Id], [mnuName], [Description]) VALUES (64, N'nonAcademicReportToolStripMenuItem', N'Non Academic Reports Menu')
INSERT [dbo].[spReportsMenuItems] ([Id], [mnuName], [Description]) VALUES (65, N'nonAcademicstudentToolStripMenuItem', N'Student Non Academic Reports Menu')
INSERT [dbo].[spReportsMenuItems] ([Id], [mnuName], [Description]) VALUES (66, N'disciplineStatusToolStripMenuItem', N'Discipline Status Menu')
INSERT [dbo].[spReportsMenuItems] ([Id], [mnuName], [Description]) VALUES (67, N'disciplinaryRecordToolStripMenuItem', N'Disciplinary Report Menu')
INSERT [dbo].[spReportsMenuItems] ([Id], [mnuName], [Description]) VALUES (68, N'extraCurriculaToolStripMenuItem', N'Extra Curricula Activities Report Menu')
INSERT [dbo].[spReportsMenuItems] ([Id], [mnuName], [Description]) VALUES (69, N'medicalRecordToolStripMenuItem', N'Medical Report Menu')
INSERT [dbo].[spReportsMenuItems] ([Id], [mnuName], [Description]) VALUES (70, N'attendanceRecordToolStripMenuItem', N'Attendance Report Menu')
INSERT [dbo].[spReportsMenuItems] ([Id], [mnuName], [Description]) VALUES (71, N'timetableReportToolStripMenuItem', N'Timetable Report Menu')
INSERT [dbo].[spReportsMenuItems] ([Id], [mnuName], [Description]) VALUES (72, N'btnAccountStatement', N'Account Statement Button')
INSERT [dbo].[spReportsMenuItems] ([Id], [mnuName], [Description]) VALUES (73, N'listsToolStripMenuItem', N'Lists Button Menu')
INSERT [dbo].[spReportsMenuItems] ([Id], [mnuName], [Description]) VALUES (74, N'studentsListtoolStripMenuItem', N'Students Lists Button Menu')
INSERT [dbo].[spReportsMenuItems] ([Id], [mnuName], [Description]) VALUES (75, N'teacherListstoolStripMenuItem', N'Teachers Lists Button Menu')
INSERT [dbo].[spReportsMenuItems] ([Id], [mnuName], [Description]) VALUES (76, N'subjectsListstoolStripMenuItem', N'Subjects Lists Button Menu')
INSERT [dbo].[spReportsMenuItems] ([Id], [mnuName], [Description]) VALUES (77, N'classesListstoolStripMenuItem', N'Classes Lists Button Menu')
INSERT [dbo].[spReportsMenuItems] ([Id], [mnuName], [Description]) VALUES (78, N'programmesListstoolStripMenuItem', N'Programmes Lists Buton Menu')
INSERT [dbo].[spReportsMenuItems] ([Id], [mnuName], [Description]) VALUES (79, N'reportFormstoolStripButton', N'Report Forms Button Menu')
INSERT [dbo].[spReportsMenuItems] ([Id], [mnuName], [Description]) VALUES (80, N'studentReportFormToolStripMenuItem', N'Student Report Form Button Menu')
INSERT [dbo].[spReportsMenuItems] ([Id], [mnuName], [Description]) VALUES (81, N'teacherReportFormToolStripMenuItem', N'Teacher Report Form Button Menu')
INSERT [dbo].[spReportsMenuItems] ([Id], [mnuName], [Description]) VALUES (82, N'classReportFormToolStripMenuItem', N'Class Report Form Button Menu')
INSERT [dbo].[spReportsMenuItems] ([Id], [mnuName], [Description]) VALUES (83, N'schoolReportFormToolStripMenuItem', N'School Report Form Button Menu')
INSERT [dbo].[spReportsMenuItems] ([Id], [mnuName], [Description]) VALUES (84, N'toolStripButtonProgressForms', N'Progress Forms Button Menu')
INSERT [dbo].[spReportsMenuItems] ([Id], [mnuName], [Description]) VALUES (85, N'studentProgressFormToolStripMenuItem', N'Student Progress Form Button Menu')
INSERT [dbo].[spReportsMenuItems] ([Id], [mnuName], [Description]) VALUES (86, N'teacherProgressFormToolStripMenuItem', N'Teacher Progress Form Button Menu')
INSERT [dbo].[spReportsMenuItems] ([Id], [mnuName], [Description]) VALUES (87, N'classProgressFormToolStripMenuItem', N'Class Progress Form Button Menu')
INSERT [dbo].[spReportsMenuItems] ([Id], [mnuName], [Description]) VALUES (88, N'schoolProgressFormToolStripMenuItem', N'School Progress Form Button Menu')
INSERT [dbo].[spReportsMenuItems] ([Id], [mnuName], [Description]) VALUES (89, N'toolStripDropDownButtonPerformanceByTarget', N'Performance by Target Button Menu')
INSERT [dbo].[spReportsMenuItems] ([Id], [mnuName], [Description]) VALUES (90, N'studentsPerformanceByTargetsToolStripMenuItem', N'Student Performance by Target Button Menu')
INSERT [dbo].[spReportsMenuItems] ([Id], [mnuName], [Description]) VALUES (91, N'teachersPerformanceByTargetsToolStripMenuItem', N'Teacher Performance by Target Button Menu')
INSERT [dbo].[spReportsMenuItems] ([Id], [mnuName], [Description]) VALUES (92, N'classPerformanceByTargetToolStripMenuItem', N'Class Performance by Target Button Menu')
INSERT [dbo].[spReportsMenuItems] ([Id], [mnuName], [Description]) VALUES (93, N'schoolsPerformanceByTargetsToolStripMenuItem', N'School Performance by Target Button Menu')
INSERT [dbo].[spReportsMenuItems] ([Id], [mnuName], [Description]) VALUES (94, N'toolStripButtonExamResults', N'Exam Results Button Menu')
INSERT [dbo].[spReportsMenuItems] ([Id], [mnuName], [Description]) VALUES (95, N'examsResultsbyClassToolStripMenuItem', N'Exam Results by Class Button Menu')
INSERT [dbo].[spReportsMenuItems] ([Id], [mnuName], [Description]) VALUES (98, N'examsResultsBySubjectsToolStripMenuItem', N'Exam Results by Subject Button Menu')
INSERT [dbo].[spReportsMenuItems] ([Id], [mnuName], [Description]) VALUES (99, N'examsResultsByExamTypesToolStripMenuItem', N'Exam Results by Exam Type Button Menu')
INSERT [dbo].[spReportsMenuItems] ([Id], [mnuName], [Description]) VALUES (100, N'toolStripDropDownButtonMarksTableForms', N'Mark Sheet Button Menu')
INSERT [dbo].[spReportsMenuItems] ([Id], [mnuName], [Description]) VALUES (101, N'preSchoolsMarkSheetToolStripMenuItem', N'PreSchool Mark Sheet Button Menu')
INSERT [dbo].[spReportsMenuItems] ([Id], [mnuName], [Description]) VALUES (102, N'primarySchoolsMarkSheetToolStripMenuItem', N'Primary School Mark Sheet Button Menu')
INSERT [dbo].[spReportsMenuItems] ([Id], [mnuName], [Description]) VALUES (103, N'secondarySchoolsMarkSheetToolStripMenuItem', N'Secondary School Mark Sheet Button Menu')
INSERT [dbo].[spReportsMenuItems] ([Id], [mnuName], [Description]) VALUES (104, N'tertiarySchoolsMarkSheetToolStripMenuItem', N'Tertiary School Mark Sheet Button Menu')
INSERT [dbo].[spReportsMenuItems] ([Id], [mnuName], [Description]) VALUES (106, N'collegeSchoolsMarkSheetToolStripMenuItem', N'College School Mark Sheet Button Menu')
INSERT [dbo].[spReportsMenuItems] ([Id], [mnuName], [Description]) VALUES (108, N'universitySchoolsMarkSheetToolStripMenuItem', N'University School Mark Sheet Button Menu')
INSERT [dbo].[spReportsMenuItems] ([Id], [mnuName], [Description]) VALUES (109, N'btnSearchbyAccount', N'Search Account by Account Button')
INSERT [dbo].[spReportsMenuItems] ([Id], [mnuName], [Description]) VALUES (110, N'btnSearchbyStudent', N'Search Account by Student Button')
GO
print 'Processed 100 total records'
INSERT [dbo].[spReportsMenuItems] ([Id], [mnuName], [Description]) VALUES (111, N'btnSearchExamPeriods', N'Search Exam Period Button')
SET IDENTITY_INSERT [dbo].[spReportsMenuItems] OFF





SET IDENTITY_INSERT [dbo].[spAllowedRoleMenus] ON
INSERT [dbo].[spAllowedRoleMenus] ([Id], [RoleId], [MenuItemId], [Allowed]) VALUES (1, 1, 7, 1)
INSERT [dbo].[spAllowedRoleMenus] ([Id], [RoleId], [MenuItemId], [Allowed]) VALUES (2, 1, 42, 1)
INSERT [dbo].[spAllowedRoleMenus] ([Id], [RoleId], [MenuItemId], [Allowed]) VALUES (3, 1, 2, 1)
INSERT [dbo].[spAllowedRoleMenus] ([Id], [RoleId], [MenuItemId], [Allowed]) VALUES (4, 1, 38, 1)
INSERT [dbo].[spAllowedRoleMenus] ([Id], [RoleId], [MenuItemId], [Allowed]) VALUES (5, 1, 43, 1)
INSERT [dbo].[spAllowedRoleMenus] ([Id], [RoleId], [MenuItemId], [Allowed]) VALUES (6, 1, 22, 1)
INSERT [dbo].[spAllowedRoleMenus] ([Id], [RoleId], [MenuItemId], [Allowed]) VALUES (9, 1, 44, 1)
INSERT [dbo].[spAllowedRoleMenus] ([Id], [RoleId], [MenuItemId], [Allowed]) VALUES (11, 1, 31, 1)
INSERT [dbo].[spAllowedRoleMenus] ([Id], [RoleId], [MenuItemId], [Allowed]) VALUES (12, 1, 30, 1)
INSERT [dbo].[spAllowedRoleMenus] ([Id], [RoleId], [MenuItemId], [Allowed]) VALUES (13, 1, 28, 1)
INSERT [dbo].[spAllowedRoleMenus] ([Id], [RoleId], [MenuItemId], [Allowed]) VALUES (14, 1, 52, 1)
INSERT [dbo].[spAllowedRoleMenus] ([Id], [RoleId], [MenuItemId], [Allowed]) VALUES (15, 1, 16, 1)
INSERT [dbo].[spAllowedRoleMenus] ([Id], [RoleId], [MenuItemId], [Allowed]) VALUES (16, 1, 34, 1)
INSERT [dbo].[spAllowedRoleMenus] ([Id], [RoleId], [MenuItemId], [Allowed]) VALUES (17, 1, 8, 1)
INSERT [dbo].[spAllowedRoleMenus] ([Id], [RoleId], [MenuItemId], [Allowed]) VALUES (18, 1, 29, 1)
INSERT [dbo].[spAllowedRoleMenus] ([Id], [RoleId], [MenuItemId], [Allowed]) VALUES (19, 1, 53, 1)
INSERT [dbo].[spAllowedRoleMenus] ([Id], [RoleId], [MenuItemId], [Allowed]) VALUES (20, 1, 3, 1)
INSERT [dbo].[spAllowedRoleMenus] ([Id], [RoleId], [MenuItemId], [Allowed]) VALUES (21, 1, 4, 1)
INSERT [dbo].[spAllowedRoleMenus] ([Id], [RoleId], [MenuItemId], [Allowed]) VALUES (22, 1, 5, 1)
INSERT [dbo].[spAllowedRoleMenus] ([Id], [RoleId], [MenuItemId], [Allowed]) VALUES (23, 1, 25, 1)
INSERT [dbo].[spAllowedRoleMenus] ([Id], [RoleId], [MenuItemId], [Allowed]) VALUES (24, 1, 47, 1)
INSERT [dbo].[spAllowedRoleMenus] ([Id], [RoleId], [MenuItemId], [Allowed]) VALUES (25, 1, 39, 1)
INSERT [dbo].[spAllowedRoleMenus] ([Id], [RoleId], [MenuItemId], [Allowed]) VALUES (26, 1, 50, 1)
INSERT [dbo].[spAllowedRoleMenus] ([Id], [RoleId], [MenuItemId], [Allowed]) VALUES (27, 1, 6, 1)
INSERT [dbo].[spAllowedRoleMenus] ([Id], [RoleId], [MenuItemId], [Allowed]) VALUES (28, 1, 51, 1)
INSERT [dbo].[spAllowedRoleMenus] ([Id], [RoleId], [MenuItemId], [Allowed]) VALUES (29, 1, 13, 1)
INSERT [dbo].[spAllowedRoleMenus] ([Id], [RoleId], [MenuItemId], [Allowed]) VALUES (30, 1, 9, 1)
INSERT [dbo].[spAllowedRoleMenus] ([Id], [RoleId], [MenuItemId], [Allowed]) VALUES (31, 1, 37, 1)
INSERT [dbo].[spAllowedRoleMenus] ([Id], [RoleId], [MenuItemId], [Allowed]) VALUES (32, 1, 55, 1)
INSERT [dbo].[spAllowedRoleMenus] ([Id], [RoleId], [MenuItemId], [Allowed]) VALUES (33, 1, 36, 1)
INSERT [dbo].[spAllowedRoleMenus] ([Id], [RoleId], [MenuItemId], [Allowed]) VALUES (34, 1, 35, 1)
INSERT [dbo].[spAllowedRoleMenus] ([Id], [RoleId], [MenuItemId], [Allowed]) VALUES (35, 1, 56, 1)
INSERT [dbo].[spAllowedRoleMenus] ([Id], [RoleId], [MenuItemId], [Allowed]) VALUES (36, 1, 20, 1)
INSERT [dbo].[spAllowedRoleMenus] ([Id], [RoleId], [MenuItemId], [Allowed]) VALUES (37, 1, 26, 1)
INSERT [dbo].[spAllowedRoleMenus] ([Id], [RoleId], [MenuItemId], [Allowed]) VALUES (38, 1, 61, 1)
INSERT [dbo].[spAllowedRoleMenus] ([Id], [RoleId], [MenuItemId], [Allowed]) VALUES (39, 1, 21, 1)
INSERT [dbo].[spAllowedRoleMenus] ([Id], [RoleId], [MenuItemId], [Allowed]) VALUES (40, 1, 57, 1)
INSERT [dbo].[spAllowedRoleMenus] ([Id], [RoleId], [MenuItemId], [Allowed]) VALUES (41, 1, 27, 1)
INSERT [dbo].[spAllowedRoleMenus] ([Id], [RoleId], [MenuItemId], [Allowed]) VALUES (42, 1, 54, 1)
INSERT [dbo].[spAllowedRoleMenus] ([Id], [RoleId], [MenuItemId], [Allowed]) VALUES (43, 1, 15, 1)
INSERT [dbo].[spAllowedRoleMenus] ([Id], [RoleId], [MenuItemId], [Allowed]) VALUES (44, 1, 18, 1)
INSERT [dbo].[spAllowedRoleMenus] ([Id], [RoleId], [MenuItemId], [Allowed]) VALUES (45, 1, 24, 1)
INSERT [dbo].[spAllowedRoleMenus] ([Id], [RoleId], [MenuItemId], [Allowed]) VALUES (46, 1, 59, 1)
INSERT [dbo].[spAllowedRoleMenus] ([Id], [RoleId], [MenuItemId], [Allowed]) VALUES (47, 1, 41, 1)
INSERT [dbo].[spAllowedRoleMenus] ([Id], [RoleId], [MenuItemId], [Allowed]) VALUES (48, 1, 32, 1)
INSERT [dbo].[spAllowedRoleMenus] ([Id], [RoleId], [MenuItemId], [Allowed]) VALUES (49, 1, 33, 1)
INSERT [dbo].[spAllowedRoleMenus] ([Id], [RoleId], [MenuItemId], [Allowed]) VALUES (50, 1, 10, 1)
INSERT [dbo].[spAllowedRoleMenus] ([Id], [RoleId], [MenuItemId], [Allowed]) VALUES (51, 1, 11, 1)
INSERT [dbo].[spAllowedRoleMenus] ([Id], [RoleId], [MenuItemId], [Allowed]) VALUES (52, 1, 12, 1)
INSERT [dbo].[spAllowedRoleMenus] ([Id], [RoleId], [MenuItemId], [Allowed]) VALUES (53, 1, 14, 1)
INSERT [dbo].[spAllowedRoleMenus] ([Id], [RoleId], [MenuItemId], [Allowed]) VALUES (54, 1, 17, 1)
INSERT [dbo].[spAllowedRoleMenus] ([Id], [RoleId], [MenuItemId], [Allowed]) VALUES (55, 1, 19, 1)
INSERT [dbo].[spAllowedRoleMenus] ([Id], [RoleId], [MenuItemId], [Allowed]) VALUES (56, 1, 23, 1)
INSERT [dbo].[spAllowedRoleMenus] ([Id], [RoleId], [MenuItemId], [Allowed]) VALUES (57, 1, 58, 1)
INSERT [dbo].[spAllowedRoleMenus] ([Id], [RoleId], [MenuItemId], [Allowed]) VALUES (58, 1, 45, 1)
INSERT [dbo].[spAllowedRoleMenus] ([Id], [RoleId], [MenuItemId], [Allowed]) VALUES (59, 1, 46, 1)
INSERT [dbo].[spAllowedRoleMenus] ([Id], [RoleId], [MenuItemId], [Allowed]) VALUES (60, 1, 60, 1)
SET IDENTITY_INSERT [dbo].[spAllowedRoleMenus] OFF






SET IDENTITY_INSERT [dbo].[spAllowedReportsRolesMenus] ON
INSERT [dbo].[spAllowedReportsRolesMenus] ([Id], [RoleId], [MenuItemId], [Allowed]) VALUES (5, 1, 1, 1)
INSERT [dbo].[spAllowedReportsRolesMenus] ([Id], [RoleId], [MenuItemId], [Allowed]) VALUES (6, 1, 50, 1)
INSERT [dbo].[spAllowedReportsRolesMenus] ([Id], [RoleId], [MenuItemId], [Allowed]) VALUES (8, 1, 8, 1)
INSERT [dbo].[spAllowedReportsRolesMenus] ([Id], [RoleId], [MenuItemId], [Allowed]) VALUES (9, 1, 64, 1)
INSERT [dbo].[spAllowedReportsRolesMenus] ([Id], [RoleId], [MenuItemId], [Allowed]) VALUES (10, 1, 19, 1)
INSERT [dbo].[spAllowedReportsRolesMenus] ([Id], [RoleId], [MenuItemId], [Allowed]) VALUES (11, 1, 73, 1)
INSERT [dbo].[spAllowedReportsRolesMenus] ([Id], [RoleId], [MenuItemId], [Allowed]) VALUES (12, 1, 79, 1)
INSERT [dbo].[spAllowedReportsRolesMenus] ([Id], [RoleId], [MenuItemId], [Allowed]) VALUES (13, 1, 84, 1)
INSERT [dbo].[spAllowedReportsRolesMenus] ([Id], [RoleId], [MenuItemId], [Allowed]) VALUES (14, 1, 89, 1)
INSERT [dbo].[spAllowedReportsRolesMenus] ([Id], [RoleId], [MenuItemId], [Allowed]) VALUES (15, 1, 94, 1)
INSERT [dbo].[spAllowedReportsRolesMenus] ([Id], [RoleId], [MenuItemId], [Allowed]) VALUES (16, 1, 100, 1)
INSERT [dbo].[spAllowedReportsRolesMenus] ([Id], [RoleId], [MenuItemId], [Allowed]) VALUES (17, 1, 110, 1)
INSERT [dbo].[spAllowedReportsRolesMenus] ([Id], [RoleId], [MenuItemId], [Allowed]) VALUES (18, 1, 109, 1)
INSERT [dbo].[spAllowedReportsRolesMenus] ([Id], [RoleId], [MenuItemId], [Allowed]) VALUES (19, 1, 111, 1)
INSERT [dbo].[spAllowedReportsRolesMenus] ([Id], [RoleId], [MenuItemId], [Allowed]) VALUES (20, 1, 72, 1)
INSERT [dbo].[spAllowedReportsRolesMenus] ([Id], [RoleId], [MenuItemId], [Allowed]) VALUES (21, 1, 53, 1)
INSERT [dbo].[spAllowedReportsRolesMenus] ([Id], [RoleId], [MenuItemId], [Allowed]) VALUES (22, 1, 54, 1)
INSERT [dbo].[spAllowedReportsRolesMenus] ([Id], [RoleId], [MenuItemId], [Allowed]) VALUES (23, 1, 55, 1)
INSERT [dbo].[spAllowedReportsRolesMenus] ([Id], [RoleId], [MenuItemId], [Allowed]) VALUES (24, 1, 31, 1)
INSERT [dbo].[spAllowedReportsRolesMenus] ([Id], [RoleId], [MenuItemId], [Allowed]) VALUES (25, 1, 30, 1)
INSERT [dbo].[spAllowedReportsRolesMenus] ([Id], [RoleId], [MenuItemId], [Allowed]) VALUES (26, 1, 29, 1)
INSERT [dbo].[spAllowedReportsRolesMenus] ([Id], [RoleId], [MenuItemId], [Allowed]) VALUES (27, 1, 28, 1)
INSERT [dbo].[spAllowedReportsRolesMenus] ([Id], [RoleId], [MenuItemId], [Allowed]) VALUES (28, 2, 32, 1)
INSERT [dbo].[spAllowedReportsRolesMenus] ([Id], [RoleId], [MenuItemId], [Allowed]) VALUES (29, 1, 39, 1)
INSERT [dbo].[spAllowedReportsRolesMenus] ([Id], [RoleId], [MenuItemId], [Allowed]) VALUES (30, 1, 70, 1)
INSERT [dbo].[spAllowedReportsRolesMenus] ([Id], [RoleId], [MenuItemId], [Allowed]) VALUES (31, 1, 32, 1)
INSERT [dbo].[spAllowedReportsRolesMenus] ([Id], [RoleId], [MenuItemId], [Allowed]) VALUES (32, 1, 17, 1)
INSERT [dbo].[spAllowedReportsRolesMenus] ([Id], [RoleId], [MenuItemId], [Allowed]) VALUES (33, 1, 106, 1)
INSERT [dbo].[spAllowedReportsRolesMenus] ([Id], [RoleId], [MenuItemId], [Allowed]) VALUES (34, 1, 5, 1)
INSERT [dbo].[spAllowedReportsRolesMenus] ([Id], [RoleId], [MenuItemId], [Allowed]) VALUES (35, 1, 63, 1)
INSERT [dbo].[spAllowedReportsRolesMenus] ([Id], [RoleId], [MenuItemId], [Allowed]) VALUES (36, 1, 95, 1)
INSERT [dbo].[spAllowedReportsRolesMenus] ([Id], [RoleId], [MenuItemId], [Allowed]) VALUES (37, 1, 9, 1)
INSERT [dbo].[spAllowedReportsRolesMenus] ([Id], [RoleId], [MenuItemId], [Allowed]) VALUES (38, 1, 99, 1)
INSERT [dbo].[spAllowedReportsRolesMenus] ([Id], [RoleId], [MenuItemId], [Allowed]) VALUES (39, 1, 11, 1)
INSERT [dbo].[spAllowedReportsRolesMenus] ([Id], [RoleId], [MenuItemId], [Allowed]) VALUES (40, 1, 98, 1)
INSERT [dbo].[spAllowedReportsRolesMenus] ([Id], [RoleId], [MenuItemId], [Allowed]) VALUES (41, 1, 10, 1)
INSERT [dbo].[spAllowedReportsRolesMenus] ([Id], [RoleId], [MenuItemId], [Allowed]) VALUES (42, 1, 68, 1)
INSERT [dbo].[spAllowedReportsRolesMenus] ([Id], [RoleId], [MenuItemId], [Allowed]) VALUES (43, 1, 60, 1)
INSERT [dbo].[spAllowedReportsRolesMenus] ([Id], [RoleId], [MenuItemId], [Allowed]) VALUES (44, 1, 62, 1)
INSERT [dbo].[spAllowedReportsRolesMenus] ([Id], [RoleId], [MenuItemId], [Allowed]) VALUES (45, 1, 59, 1)
INSERT [dbo].[spAllowedReportsRolesMenus] ([Id], [RoleId], [MenuItemId], [Allowed]) VALUES (46, 1, 12, 1)
INSERT [dbo].[spAllowedReportsRolesMenus] ([Id], [RoleId], [MenuItemId], [Allowed]) VALUES (47, 1, 69, 1)
INSERT [dbo].[spAllowedReportsRolesMenus] ([Id], [RoleId], [MenuItemId], [Allowed]) VALUES (48, 1, 46, 1)
INSERT [dbo].[spAllowedReportsRolesMenus] ([Id], [RoleId], [MenuItemId], [Allowed]) VALUES (49, 1, 45, 1)
INSERT [dbo].[spAllowedReportsRolesMenus] ([Id], [RoleId], [MenuItemId], [Allowed]) VALUES (50, 1, 58, 1)
INSERT [dbo].[spAllowedReportsRolesMenus] ([Id], [RoleId], [MenuItemId], [Allowed]) VALUES (51, 1, 47, 1)
INSERT [dbo].[spAllowedReportsRolesMenus] ([Id], [RoleId], [MenuItemId], [Allowed]) VALUES (52, 1, 101, 1)
INSERT [dbo].[spAllowedReportsRolesMenus] ([Id], [RoleId], [MenuItemId], [Allowed]) VALUES (53, 1, 13, 1)
INSERT [dbo].[spAllowedReportsRolesMenus] ([Id], [RoleId], [MenuItemId], [Allowed]) VALUES (54, 1, 14, 1)
INSERT [dbo].[spAllowedReportsRolesMenus] ([Id], [RoleId], [MenuItemId], [Allowed]) VALUES (55, 1, 52, 1)
INSERT [dbo].[spAllowedReportsRolesMenus] ([Id], [RoleId], [MenuItemId], [Allowed]) VALUES (56, 1, 6, 1)
INSERT [dbo].[spAllowedReportsRolesMenus] ([Id], [RoleId], [MenuItemId], [Allowed]) VALUES (57, 1, 78, 1)
INSERT [dbo].[spAllowedReportsRolesMenus] ([Id], [RoleId], [MenuItemId], [Allowed]) VALUES (58, 1, 37, 1)
INSERT [dbo].[spAllowedReportsRolesMenus] ([Id], [RoleId], [MenuItemId], [Allowed]) VALUES (59, 1, 38, 1)
INSERT [dbo].[spAllowedReportsRolesMenus] ([Id], [RoleId], [MenuItemId], [Allowed]) VALUES (60, 1, 36, 1)
INSERT [dbo].[spAllowedReportsRolesMenus] ([Id], [RoleId], [MenuItemId], [Allowed]) VALUES (61, 1, 34, 1)
INSERT [dbo].[spAllowedReportsRolesMenus] ([Id], [RoleId], [MenuItemId], [Allowed]) VALUES (62, 1, 33, 1)
INSERT [dbo].[spAllowedReportsRolesMenus] ([Id], [RoleId], [MenuItemId], [Allowed]) VALUES (63, 1, 56, 1)
INSERT [dbo].[spAllowedReportsRolesMenus] ([Id], [RoleId], [MenuItemId], [Allowed]) VALUES (64, 1, 49, 1)
INSERT [dbo].[spAllowedReportsRolesMenus] ([Id], [RoleId], [MenuItemId], [Allowed]) VALUES (65, 1, 93, 1)
INSERT [dbo].[spAllowedReportsRolesMenus] ([Id], [RoleId], [MenuItemId], [Allowed]) VALUES (66, 1, 88, 1)
INSERT [dbo].[spAllowedReportsRolesMenus] ([Id], [RoleId], [MenuItemId], [Allowed]) VALUES (67, 1, 83, 1)
INSERT [dbo].[spAllowedReportsRolesMenus] ([Id], [RoleId], [MenuItemId], [Allowed]) VALUES (68, 1, 15, 1)
INSERT [dbo].[spAllowedReportsRolesMenus] ([Id], [RoleId], [MenuItemId], [Allowed]) VALUES (69, 1, 103, 1)
INSERT [dbo].[spAllowedReportsRolesMenus] ([Id], [RoleId], [MenuItemId], [Allowed]) VALUES (70, 1, 23, 1)
INSERT [dbo].[spAllowedReportsRolesMenus] ([Id], [RoleId], [MenuItemId], [Allowed]) VALUES (71, 1, 22, 1)
INSERT [dbo].[spAllowedReportsRolesMenus] ([Id], [RoleId], [MenuItemId], [Allowed]) VALUES (72, 1, 21, 1)
INSERT [dbo].[spAllowedReportsRolesMenus] ([Id], [RoleId], [MenuItemId], [Allowed]) VALUES (73, 1, 20, 1)
INSERT [dbo].[spAllowedReportsRolesMenus] ([Id], [RoleId], [MenuItemId], [Allowed]) VALUES (74, 1, 44, 1)
INSERT [dbo].[spAllowedReportsRolesMenus] ([Id], [RoleId], [MenuItemId], [Allowed]) VALUES (75, 1, 48, 1)
INSERT [dbo].[spAllowedReportsRolesMenus] ([Id], [RoleId], [MenuItemId], [Allowed]) VALUES (76, 1, 41, 1)
INSERT [dbo].[spAllowedReportsRolesMenus] ([Id], [RoleId], [MenuItemId], [Allowed]) VALUES (77, 1, 65, 1)
INSERT [dbo].[spAllowedReportsRolesMenus] ([Id], [RoleId], [MenuItemId], [Allowed]) VALUES (78, 1, 90, 1)
INSERT [dbo].[spAllowedReportsRolesMenus] ([Id], [RoleId], [MenuItemId], [Allowed]) VALUES (79, 1, 85, 1)
INSERT [dbo].[spAllowedReportsRolesMenus] ([Id], [RoleId], [MenuItemId], [Allowed]) VALUES (80, 1, 80, 1)
INSERT [dbo].[spAllowedReportsRolesMenus] ([Id], [RoleId], [MenuItemId], [Allowed]) VALUES (81, 1, 42, 1)
INSERT [dbo].[spAllowedReportsRolesMenus] ([Id], [RoleId], [MenuItemId], [Allowed]) VALUES (82, 1, 2, 1)
INSERT [dbo].[spAllowedReportsRolesMenus] ([Id], [RoleId], [MenuItemId], [Allowed]) VALUES (83, 1, 76, 1)
INSERT [dbo].[spAllowedReportsRolesMenus] ([Id], [RoleId], [MenuItemId], [Allowed]) VALUES (84, 1, 74, 1)
INSERT [dbo].[spAllowedReportsRolesMenus] ([Id], [RoleId], [MenuItemId], [Allowed]) VALUES (85, 1, 4, 1)
INSERT [dbo].[spAllowedReportsRolesMenus] ([Id], [RoleId], [MenuItemId], [Allowed]) VALUES (86, 1, 27, 1)
INSERT [dbo].[spAllowedReportsRolesMenus] ([Id], [RoleId], [MenuItemId], [Allowed]) VALUES (87, 1, 26, 1)
INSERT [dbo].[spAllowedReportsRolesMenus] ([Id], [RoleId], [MenuItemId], [Allowed]) VALUES (88, 1, 25, 1)
INSERT [dbo].[spAllowedReportsRolesMenus] ([Id], [RoleId], [MenuItemId], [Allowed]) VALUES (89, 1, 24, 1)
INSERT [dbo].[spAllowedReportsRolesMenus] ([Id], [RoleId], [MenuItemId], [Allowed]) VALUES (90, 1, 91, 1)
INSERT [dbo].[spAllowedReportsRolesMenus] ([Id], [RoleId], [MenuItemId], [Allowed]) VALUES (91, 1, 86, 1)
INSERT [dbo].[spAllowedReportsRolesMenus] ([Id], [RoleId], [MenuItemId], [Allowed]) VALUES (92, 1, 81, 1)
INSERT [dbo].[spAllowedReportsRolesMenus] ([Id], [RoleId], [MenuItemId], [Allowed]) VALUES (93, 1, 3, 1)
INSERT [dbo].[spAllowedReportsRolesMenus] ([Id], [RoleId], [MenuItemId], [Allowed]) VALUES (94, 1, 75, 1)
INSERT [dbo].[spAllowedReportsRolesMenus] ([Id], [RoleId], [MenuItemId], [Allowed]) VALUES (95, 1, 16, 1)
INSERT [dbo].[spAllowedReportsRolesMenus] ([Id], [RoleId], [MenuItemId], [Allowed]) VALUES (96, 1, 104, 1)
INSERT [dbo].[spAllowedReportsRolesMenus] ([Id], [RoleId], [MenuItemId], [Allowed]) VALUES (97, 1, 71, 1)
INSERT [dbo].[spAllowedReportsRolesMenus] ([Id], [RoleId], [MenuItemId], [Allowed]) VALUES (98, 2, 18, 1)
INSERT [dbo].[spAllowedReportsRolesMenus] ([Id], [RoleId], [MenuItemId], [Allowed]) VALUES (99, 1, 108, 1)
INSERT [dbo].[spAllowedReportsRolesMenus] ([Id], [RoleId], [MenuItemId], [Allowed]) VALUES (100, 1, 92, 1)
INSERT [dbo].[spAllowedReportsRolesMenus] ([Id], [RoleId], [MenuItemId], [Allowed]) VALUES (101, 1, 87, 1)
INSERT [dbo].[spAllowedReportsRolesMenus] ([Id], [RoleId], [MenuItemId], [Allowed]) VALUES (102, 1, 82, 1)
INSERT [dbo].[spAllowedReportsRolesMenus] ([Id], [RoleId], [MenuItemId], [Allowed]) VALUES (103, 1, 77, 1)
INSERT [dbo].[spAllowedReportsRolesMenus] ([Id], [RoleId], [MenuItemId], [Allowed]) VALUES (104, 1, 102, 1)
INSERT [dbo].[spAllowedReportsRolesMenus] ([Id], [RoleId], [MenuItemId], [Allowed]) VALUES (105, 1, 67, 1)
GO
print 'Processed 100 total records'
INSERT [dbo].[spAllowedReportsRolesMenus] ([Id], [RoleId], [MenuItemId], [Allowed]) VALUES (106, 1, 66, 1)
INSERT [dbo].[spAllowedReportsRolesMenus] ([Id], [RoleId], [MenuItemId], [Allowed]) VALUES (107, 1, 43, 1)
INSERT [dbo].[spAllowedReportsRolesMenus] ([Id], [RoleId], [MenuItemId], [Allowed]) VALUES (108, 1, 18, 1)
SET IDENTITY_INSERT [dbo].[spAllowedReportsRolesMenus] OFF